,Product Name,Product Price
1,20-21 토트넘 홈 (아동/어린이/유소년) 손흥민 축구 유니폼 세트 (풀마킹+스타킹 포함),35100
2,토트넘 홈 (아동/어린이/유소년) 손흥민 축구 유니폼 세트 (풀마킹+스타킹 포함),38100
3,(MRC2001) 아동~성인용토트넘홈형 고급축구유니폼세트_라인몰축구복/손흥민소속팀유니폼,35000
4,해외축구 챔피언스리그 캔버스 벽시계 집들이 바람막이 손흥민유니폼 무소음 디자인 소품,20170
5,팔보호 종아리 보호대 네온 XL 축구보호대 손흥민유니폼 축구용품,15900
6,2223TOT손흥민 축구팀 유니폼 휴대폰 케이스,13900
7,2223TOT 손흥민 팀 유니폼 케이스 /아이폰14 갤럭시 LG A32 A82 Z플립4 Z폴드4 A23 A52,13900
8,손흥민 사인 토트넘 져지 유니폼 셔츠 22 23 시즌,1700000
9,해외축구 챔피언스리그 캔버스 벽시계 집들이 무소음 손흥민유니폼 첼시유니폼 메시유니폼,20400
10,손흥민 축구팀 양면 리버서블 패딩자켓(P41),52900
11,카타르 월드컵 유니폼 대한민국 국가대표 붉은악마 유니폼 손흥민 상하세트 성인/아동 7호 반팔티+반바지,24400
12,대한민국 축구 국가대표 유니폼 22-23 손흥민 김민재 등번호선택,31000
13,23/24 시즌 토트넘 홋스퍼 축구복 팬 홈 유니폼 7번 손흥민/10번 할리케인/양말,21500
14,키즈 축구복 손흥민 토트넘 축구 져지 유니폼 아동 성인 단체복 어린이날 생일 선물 (축구양말),28900
15,[풀세트] 대한민국 홈 축구복 손흥민,33000
16,대한민국 홈 축구복 상하의 세트 손흥민,19000
17,카타르 유니폼 대한민국 국가대표 붉은악마 손흥민 상하세트 7호 반팔티+반바지 파,41640
18,[Adidas][아디다스] 손흥민반팔티 M SON G T-HA0903 반팔셔츠,26900
19,[Adidas][아디다스] 손흥민반팔티 M SON G T-HA0904 반팔셔츠,26900
20,21-22/22-23/23-24 시즌 토트넘 홋스퍼 홈 원정 제2원정 팬 유니폼 7번 손흥민 선취판 축구복 양말 세트,17500
21,토트넘 유아 어린이 키즈 손흥민 축구유니폼 23-24 홈 공식컬러,26300
22,토트넘유니폼 손흥민유니폼 23-24 홈 축구 레플,26700
23,토트넘유니폼 손흥민 축구유니폼 23-24 홈 긴팔 레플,30200
24,21/22시즌 토트넘 홋스퍼 팬 원정 유니폼 7번 손흥민/10번 할리케인/축구/성인복+양말/아동,20500
25,22-23시즌 토트넘 홋스퍼 팬 원정 유니폼 7번 손흥민/10번 케인/축구복+양말/아동/성인,20500
26,카타르 월드컵 한국 대표팀 유니폼 붉은악마 유니폼 손흥민 이강인 응원복,20000
27,FC 토트넘 홋스퍼 기념 맨투맨 손흥민 케인 긴팔 라운드넥 응원 맨투맨,27800
28,22-23시즌 FC 토트넘 홋스퍼 원정 유니폼 7번 손흥민/10번 케인+양말/성인,25800
29,22-23시즌 FC 토트넘 홋스퍼 원정 유니폼 7번 손흥민/10번 케인+양말/아동,24900
30,토트넘 트레이닝복 손흥민 유니폼 축구트레이닝복 긴팔 긴바지 21-22,30400
31,토트넘 트레이닝복 손흥민 축구 상하세트,30400
32,토트넘 바람막이 축구 트레이닝복 손흥민 유니폼 레드블랙 21-22 축구복,46300
33,토트넘 손흥민 유니폼 축구 트레이닝복 축구복 세트 하프집업 21-22,41690
34,토트넘 트레이닝복 손흥민 축구 유니폼 반팔 반바지 22-23 블랙옐로우,36800
35,한국 축구 유니폼 대한민국 국가대표 2022 어웨이 블랙 손흥민 황희찬,25800
36,토트넘 트레이닝복 유니폼 축구 반팔 22-23 축구복 TR 손흥민 아이보리,36800
37,한국 유니폼 대한민국 축구유니폼 국가대표 홈 손흥민,25800
38,토트넘유니폼 손흥민 축구 트레이닝복 반팔 칠부 반바지,36720
39,토트넘 트레이닝 유니폼 세트 손흥민 축구유니폼,30400
40,토트넘 트레이닝복 손흥민 축구 유니폼 반팔 반바지 giter,36800
41,아스날 유니폼 반팔 칠부 축구 트레이닝복 손흥민 아스널,36720
42,토트넘 바람막이 축구 트레이닝복 손흥민 유니폼 퍼플,42820
43,손흥민유니폼 토트넘유니폼 양말 축구유니폼 21-22,25760
44,토트넘 손흥민 유니폼 써드 어센틱 져지 21-22 축구유니폼,33670
45,맨체스터 유나이티드 축구 트레이닝복 반팔 칠부바지 손흥민 토트넘 유니폼 박지성 국가대표,36720
46,토트넘 축구 트레이닝복 반팔 칠부 반바지 손흥민유니폼,36720
47,토트넘 바람막이 축구 손흥민 트레이닝복,42820
48,토트넘 축구 트레이닝복 손흥민 유니폼 하프집업 22-23 긴팔,41700
49,토트넘바람막이 윈드브레이커 축구유니폼 손흥민트레이닝복,42820
50,한국 유니폼 대한민국 축구유니폼 국가대표 홈 손흥민,30300
51,토트넘 트레이닝복 손흥민 축구 유니폼 반팔 반바지 22-23 giter 형광,36800
52,21-22 레알마드리드 축구유니폼 토트넘 손흥민 트레이닝복 축구복 모드리치 라모스 베일,41690
53,토트넘 트레이닝복 손흥민 축구 유니폼 하프집업 22-23,41700
54,토트넘 바람막이 축구 트레이닝복 손흥민 유니폼 화이트 네이비,42820
55,21-22 브라질 축구 국가대표 유니폼 손흥민 트레이닝복 토트넘 집업 자켓 카카 네이마르,48470
56,토트넘 축구 유니폼 카라티 트레이닝복 손흥민,31500
57,토트넘 유니폼 축구트레이닝복 손흥민 축구유니폼 긴팔,48500
58,토트넘 손흥민 유니폼 홈 어센틱 져지 21-22 축구유니폼,33670
59,토트넘 바람막이 축구 트레이닝복 손흥민 유니폼 그레이,42820
60,토트넘 바람막이 축구 트레이닝복 손흥민 유니폼 레드블랙 21-22 축구복,46700
61,토트넘 손흥민 유니폼 홈 어센틱 져지 21-22 축구유니폼,34000
62,손흥민유니폼 토트넘유니폼 축구 레플 21-22,26000
63,토트넘 바람막이 축구 트레이닝복 손흥민 유니폼 퍼플,43300
64,토트넘 유니폼 축구트레이닝복 손흥민 축구유니폼 긴팔 CU,49000
65,22-23시즌 토트넘 홋스퍼 팬 홈 유니폼 7호 손흥민/10호 케인+양말/아동,24000
66,22-23시즌 토트넘축구팀 홈 유니폼 / 축구양말  7호 손흥민 10호 케인 11호 조소현 축구유니폼/성인,25400
67,특가 주니어 토트넘 파리생제르망 유니폼 손흥민 이강인 유니폼 상하의 세트 +양말  쥬니어 아동용 성인용,15900
68,22/23 카타르월드컵 한국유니폼 황희찬 손흥민유니폼RWTYI24553-199_G,44900
69,22-23 토트넘 유니폼 상대 팀 그라운드 손흥민유니폼 어린이 주니어 성인 훈련복SLK3778,31900
70,23-24 토트넘 유니폼 손흥민유니폼 어린이 주니어 성인 훈련복SLK2478,31900
71,22-23 토트넘 유니폼 손흥민유니폼 어린이 주니어 성인 훈련복SLK98752,31900
72,손흥민 토트넘 호환 유니폼 키즈 유소년 성인 (상의+하의+양말),31900
73,카타르 월드컵 유니폼 대한민국 국가대표 붉은악마 유니폼 손흥민 반팔티+반바지 세트 성인/아동 응원복,22400
74,DGCO 축구 CV 25. clrAC 밀란-즐라탄 캔버스 벽시계 메시 유니폼 손흥민,21910
75,손흥민 헬스운동복 트레이닝복 상하의세트 하프집업 토트넘 축구유니폼,77320
76,유소년 손흥민 토트넘 유니폼 22-23시즌 상하의세트 아동유니폼 원정 성인유니폼 축구유니폼,46420
77,2223 TOT 손흥민 팀 유니폼 휴대폰 케이스 / Z플립4Z폴드 아이폰14 갤럭시S22 A33 A23 A52,13900
78,2223 손흥민 팀 유니폼 휴대폰케이스 / 아이폰14 S22 노트20 A32 A53 Z플립3 폴드3,13900
79,2223손흥민 팀 유니폼 휴대폰 케이스 / 아이폰14 갤럭시S22 Z플립3 Z폴드3 A82 A53 A33,13900
80,손흥민 유니폼 세트 키즈 토트넘 홋스퍼 23-24 양말 보호대,24700
81,토트넘 손흥민 유니폼 엘리트 반팔 2023-24,379000
82,토트넘 손흥민 유니폼 반팔 2023-24,276000
83,토트넘 손흥민 유니폼 클럽 반팔 2023-24,254000
84,23 24 맨체스터 시티 토트넘 축구 유니폼 옷 축구복 손흥민 홀란 상의 티셔츠 하의 세트,23600
85,22-23시즌 토트넘축구팀 홈 유니폼 / 축구양말 7호 손흥민 선수 10호 케인 축구유니폼/,43000
86,손흥민 토트넘 호환 유니폼 키즈 유소년 성인 (상의+하의+양말),22900
87,대한민국 축구유니폼 2022카타르 월드컵 손흥민 황희찬 이강인 상하의세트 주니어 아동 유,29900
88,Tottenham 윈드 브레이커 손흥민 챔피언스리그 바람막이 프리미어리그 토트넘핫스퍼,73500
89,한국 국가대표 유니폼 상하세트 손흥민 김민재 이강인 성인  축구복,45300
90,카타르  유니폼 대한민국 국가대표 붉은악마 유니폼 손흥민 상하세트 7호 반팔티+반바지 파노티,36000
91,22-23시즌 FC 토트넘 홋스퍼 원정 유니폼 7번 손흥민/10번 케인+양말/ 파노티,17700
92,22-23시즌 토트넘축구팀 홈 유니폼 / 축구양말 7호 손흥민 선수 10호  선수 축구유니폼/  파노티,18300
93,EPL 토트넘 주니어 키즈 유니폼 써드 반팔 셔츠 손흥민 마킹가능 22-23 (DN2742-489),129000
94,EPL 토트넘 유니폼 써드 반팔 셔츠 손흥민 마킹가능 22-23 (DN2718-489),155000
95,EPL 토트넘 유니폼 어웨이 반팔 셔츠 손흥민 마킹가능 22-23 (DM1837-431),155000
96,"EPL 토트넘 베이비 유니폼 홈 키트 상,하의, 양말세트 손흥민 마킹가능 22-23 (DJ7919-101)",110000
97,"EPL 토트넘 리틀 키즈 유니폼 홈 키트 상,하의, 양말세트 손흥민 마킹가능 22-23 (DJ7902-101)",115000
98,EPL 토트넘 유니폼 어센틱 매치 홈 반팔 셔츠 손흥민 마킹가능 22-23 (DJ7654-101),220000
99,EPL 토트넘 주니어 키즈 유니폼 홈 반팔 셔츠 손흥민 마킹가능 21-22 (CV8246-101),90000
100,EPL 토트넘 주니어 키즈 유니폼 홈 반팔 셔츠 손흥민 마킹가능 22-23 (DJ7877-101),129000
101,EPL 토트넘 유니폼 홈 반팔 셔츠 손흥민 마킹가능 22-23 (DM1849-101),155000
102,EPL 토트넘 유니폼 홈 반팔 셔츠 손흥민 마킹가능 21-22 (CV7918-101),119000
103,[유럽정품] EPL 토트넘 주니어 키즈 유니폼 어웨이 반팔 셔츠 손흥민 마킹가능 20-21 (CD4520-398),77000
104,21/22 토트넘 어웨이 손흥민 케인 축구유니폼 저지 세트 유럽축구 프리미어리그 성인 키즈,26800
105,특가 주니어 토트넘 파리생제르망 유니폼 손흥민 이강인 유니폼 상하의 세트 +양말  쥬니어 아동용 성인용,15900
106,22-23시즌 토트넘축구팀 홈 유니폼 / 축구양말 무료배송 7호 손흥민 선수 10호 케인,19520
107,22-23시즌 FC 토트넘 홋스퍼 원정 유니폼 7번 손흥민/10번 케인/양말무료배송/아동,20220
108,토트넘 유니폼 홈 저지 2021/22 2023/24 손흥민 케인 성인 여성 남성 어린이,34700
109,22-23시즌 FC 토트넘 홋스퍼 원정 유니폼 7번 손흥민/10번 케인/양말무료배송/아동,20220
110,23/24 토트넘 유니폼 케인 손흥민 축구복 반팔 상하의세트,38500
111,2023-24 새 토트넘 축구복 10번 케인 7번 손흥민 유니폼 9 리처드슨 17번 로메로,15000
112,도매 23-24 신형 토트넘 홈 축구복 세트 10번 케인 7번 손흥민 유니폼 9 리처드슨,16200
113,대한민국 축구유니폼 2022카타르 월드컵 손흥민 황희찬 이강인 상하의세트 주니어 아동 유,30400
114,대한민국 축구유니폼 2022카타르 월드컵 손흥민 황희찬 이강인 상하의세트 주니어 아동 유,30400
115,22-23시즌 토트넘축구팀 홈 유니폼 / 축구양말 7호 손흥민 선수 10호  선수 축구유니폼/    Mochae,19200
116,축구선수 유니폼 미니어처 손흥민 커리어 져지 장식,25730
117,2122 토트넘 스타필드 기념판 10호 케인 7번 손흥민 축구유니폼 성인세트 훈련복,16480
118,메릴 한국 국가대표 축구유니폼 손흥민 홈 어웨이 축구복 상하의 세트 성인,40300
119,2223 토트넘 주객 유니폼 10번 케인 9 찰리슨 17 로메로 7번 손흥민 축구복 짧은 세트,15000
120,2122 토트넘 유니폼 홈 7번 손흥민 10번 케인 성인 어린이 반팔 축구복 유니폼,16480
121,2223 토트넘 2 원정 10번 케인 9 찰리슨 17번 로메로 7 손흥민 축구복 유니폼,16200
122,2223 토트넘 홈 7번 손흥민 10번 케인 9 리처드슨 17번 로메로 축구복 유니폼,16480
123,2223종 토트넘 원정 10호 케인 7번 손흥민 9 리처드슨 17 로메로 축구복 유니폼,16480
124,2223 토트넘 주객 유니폼 10번 케인 9 찰리슨 17 로메로 7번 손흥민 축구복 짧은 세트,15000
125,2223시즌 토트넘 유니폼 홈 앤드 어웨이 성인 어린이 숏축구복 7번 손흥민 10번 케인 유니폼,16200
126,2223종 토트넘 원정 퍼플 10호 케인 7 손흥민 9 리처드슨 17 로메로 축구복 세트,15000
127,22-23 토트넘 홈 2객 반팔 스포츠 10호 케인 7호 손흥민 축구복 세트 아동복 어른,18000
128,22-23 토트넘 홈 2객 반팔 스포츠 10호 케인 7호 손흥민 축구복 세트 아동복 어른,18000
129,2223 토트넘 홈 10번 케인 7번 손흥민 축구복 9번 리처드 리슨 17번 로메로 유니폼,16200
130,2223종 토트넘 원정 퍼플 10호 케인 7 손흥민 9 리처드슨 17 로메로 축구복 세트,16200
131,2122 토트넘 홈구장 흰색 10호 케인 7호 손흥민 축구복 세트 양말 공장 대량 물량,16200
132,2122 토트넘 원정 컬러 유니폼 10번 케인 7번 손흥민 축구복 세트 양말 대량,16200
133,2223 토트넘 원정 블루 10번 케인 9 찰리슨 17 로메로 7번 손흥민 축구복 짧은 세트,16200
134,2223 토트넘 주객 유니폼 10번 케인 9 찰리슨 17 로메로 7번 손흥민 축구복 짧은 세트,15000
135,2223종 토트넘 원정 퍼플 10호 케인 7 손흥민 9 리처드슨 17 로메로 축구복 세트,15000
136,2122 토트넘 유니폼 홈 7번 손흥민 10번 케인 성인 어린이 반팔 축구복 유니폼,16480
137,2122 토트넘 유니폼 홈 7번 손흥민 10번 케인 성인 어린이 반팔 축구복 유니폼,16480
138,2223시즌 토트넘 유니폼 홈 앤드 어웨이 성인 어린이 숏축구복 7번 손흥민 10번 케인 유니폼,16200
139,토트넘 유니폼 케인 손흥민 축구복 반팔 홈 어웨이 상하의세트 바지,38500
140,21/22 토트넘 유니폼 손흥민 케인 축구복 반팔 상하의세트,41500
141,아디다스 축구 손흥민 유니폼 마킹 대한민국 캡틴,36900
142,아디다스 손흥민 유니폼세트 마킹 대한민국 캡틴 NO.7,52900
143,아디다스 손흥민 유니폼 마킹 대한민국 캡틴 NO.7,31900
144,20/21 토트넘 유니폼 손흥민 케인 반팔 축구복 상하의세트,53000
145,21/22 토트넘 어웨이 유니폼 손흥민 케인 축구복 상하의세트,53000
146,21/22 토트넘유니폼 손흥민 케인 축구복 상하의세트,53000
147,토트넘 축구 트레이닝복 겨울 운동복 손흥민 케인 알리 윙크스 시소코 유니폼 상하세트,32700
148,22/23 토트넘유니폼 손흥민 케인유니폼 상하의세트 축구복,42500
149,22/23 토트넘 유니폼 손흥민 케인 축구복 상하의 프리미어리그,47000
150,22-23 토트넘 유니폼 손흥민 해리케인 올선수 홈 어웨이,36000
151,21/22 토트넘어웨이유니폼 손흥민 케인 상하의 세트,46000
152,20/21 토트넘유니폼 손흥민 케인 유니폼 세트 상하의,45000
153,한국국대유니폼 손흥민유니폼 대한민국축구유니폼,51840
154,토트넘 축구 트레이닝복 겨울 운동복 손흥민 케인 알리 윙크스 시소코 유니폼 상하세트,33700
155,아디다스 손흥민티셔츠 축구복 유니폼 마킹 4컬러,34900
156,아디다스 손흥민 유니폼 마킹 성인키즈 에스트로 신형,24990
157,토트넘 축구유니폼 손흥민유니폼 케인 축구복반티,47290
158,2324 토트넘 손흥민 축구 유니폼 신가드 스타킹 옷 져지 유소년 축구복,20200
159,23-24 토트넘 홋스퍼 손흥민 케인 유니폼 성인 아동 축구복 저지,23200
160,2021 토트넘 저지 손흥민 케인 베일 축구유니폼 상하,55200
161,23-24 토트넘 홋스퍼 홈 No. 7 손흥민 키즈 풀세트 축구 유니폼,28800
162,23-24 토트넘 홋스퍼 홈 No. 7 손흥민 키즈 풀세트 축구 유니폼,28800
163,토트넘 홋스퍼 FC 실내장식 손흥민,219900
164,카타르 월드컵 한국 대표팀 유니폼 붉은악마 손흥민 이강인 응원복,41600
165,"23,24 손흥민 토트넘 유니폼 유소년 성인 (상의+하의+양말)",60900
166,AIA 손흥민유니폼 용 유소년 성인용 축구유니폼 케인,33300
167,1920 SON 토트넘 EPL 축구유니폼 쥬니어 저지 상하 손흥민 케인 PL 유럽축구 프리미어리그,58900
168,"22,23 토트넘 유니폼 손흥민 해리케인 올선수 홈 어웨이",72600
169,2223 시즌 토트넘 유니폼 축구 FC 원정 축구복 반팬츠 7번 손흥민 10번 케인,50100
170,토트넘반팔티 티셔츠 유니폼 저지 홈 축구 손흥민 오버핏 남여공용 프리미엄리그,41400
171,토트넘유니폼 손흥민 홈 축구  22-23시즌 프리미엄 단체복 풋살,50900
172,토트넘 유니폼 손흥민 케인 성인 아동 반팔 축구복,27100
173,토트넘 손흥민 축구유니폼 헬스운동복 트레이닝복 상하의세트 하프집업,49200
174,호랑이 대한민국 반팔티 태극마크 축구유니폼 세트 축구 손흥민 트레이닝복 국가대표,22000
175,토트넘 유니폼 세트 손흥민 유소년 성인 상의 하의 양말,29800
176,23-24 신상 토트넘 홋스퍼 홈 케인 손흥민 히샬리송 유니폼 상하의 세트 단체복 반티,30000
177,토트넘 유니폼 손흥민 유스 클럽 토트넘 공홈 발송 정품,154500
178,토트넘 유니폼 손흥민 유스 클럽 토트넘 공홈 발송 정품,154500
179,토트넘 유니폼 손흥민 프리미어리그 선수용 남성 토트넘 공홈 발송 정품,287000
180,토트넘 유니폼 손흥민 프리미어리그 선수용 남성 토트넘 공홈 발송 정품,287000
181,토트넘 유니폼 손흥민 프리미어리그 남성 토트넘 공홈 발송 정품,197900
182,토트넘 유니폼 손흥민 프리미어리그 남성 토트넘 공홈 발송 정품,197900
183,토트넘 유니폼 손흥민 선수용 남성 토트넘 공홈 발송 정품,277100
184,토트넘 유니폼 손흥민 선수용 남성 토트넘 공홈 발송 정품,277100
185,토트넘 유니폼 손흥민 프리미어리그 남성 토트넘 공홈 발송 정품,197900
186,토트넘 유니폼 손흥민 유스 클럽 토트넘 공홈 발송 정품,154500
187,토트넘 유니폼 손흥민 프리미어리그 선수용 남성 토트넘 공홈 발송 정품,287000
188,토트넘 유니폼 손흥민 선수용 남성 토트넘 공홈 발송 정품,277100
189,카타르 월드컵 한국 대표팀 유니폼 붉은악마 유니폼 손흥민 이강인 응원복,18800
190,21/22시즌 토트넘 홋스퍼 팬 원정 유니폼 7번 손흥민/10번 할리케인/축구/성인복+양말/아동,19300
191,22-23시즌 FC 토트넘 홋스퍼 원정 유니폼 7번 손흥민/10번 케인+양말/아동,19000
192,카타르 월드컵 유니폼 대한민국 국가대표 붉은악마 유니폼 손흥민 상하세트 성인/아동 7호 반팔티+반바지,23780
193,22-23 토트넘 유니폼 손흥민 해리케인 올선수 홈 어웨이,66400
194,22-23 카타르 월드컵 대한민국 축구 국가대표 손흥민 김민재 이강인,70800
195,22-23시즌 토트넘 손흥민유니폼 케인 성인용 유소년 축구유니폼 키즈,15900
196,22-23시즌 토트넘 손흥민유니폼 케인 주니어 성인용 유소년 축구유니폼 키즈,15700
197,토트넘 프리미어리그 EPL 손흥민 저지 성인 어린이 게임 팀 유니폼 축구,65000
198,이강인 2022 축구 유니폼 한국 국가대표 국대 홈 팀 반티 김민재 손흥민 황희찬 황인범,46000
199,이강인 2022 축구 유니폼 한국 국가대표 국대 홈 팀 반티 김민재 손흥민 황희찬 황인범,46000
200,2022 한국 유니폼 국대유니폼 유소년 상하의 저지 세트 손흥민,34000
201,2024 토트넘 홈그라운드 축구 유니폼 상하 세트 저지 손흥민 케인 키즈 성인 프리미어리그,23000
202,2024 토트넘 홈그라운드 축구 유니폼 상하 세트 저지 손흥민 케인 키즈 성인 프리미어리그,23000
203,카타르 월드컵 유니폼 대한민국 국가대표 붉은악마 손흥민 상하세트 7호 반팔티+반바지,27700
204,카타르 월드컵 유니폼 대한민국 국가대표 붉은악마 손흥민 상하세트 응원복 반팔티+반바지,25700
205,카타르 월드컵 한국 대표팀 유니폼 붉은악마 손흥민 7호/반티 상의/C-D,22800
206,22-23시즌 토트넘축구팀 홈 유니폼 / 축구양말 7호 손흥민 선수 10호 케인 축구유니폼/성인,20400
207,22-23시즌 FC 토트넘 홋스퍼 원정 유니폼 7번 손흥민/10번 케인+양말/성인,20300
208,카타르 월드컵 한국 대표팀 유니폼 붉은악마 손흥민 응원 복/반티 상의/A-B,20100
209,토트넘 축구 유니폼 손흥민 케인 히살리송 페리시치 쿨루세브스키,39700
210,22-23시즌 FC 토트넘 홋스퍼 원정 유니폼 7번 손흥민/10번 케인+양말/아동,19400
211,22-23시즌 토트넘축구팀 홈 유니폼 / 축구양말 7호 손흥민 선수 10호 케인 축구유니폼/ 아동,19200
212,2223 시즌 토트넘 축구 유니폼 정장  손흥민 유니폼,34600
213,22-23 토트넘 홈  유니폼  손흥민 축구 반팔 축구옷,24400
214,카타르 월드컵 유니폼 대한민국 국가대표 붉은악마 유니폼 손흥민 상하세트 성인/아동 7호,25050
215,22-23 대한민국유니폼 한국 국대 축구 유니폼 상하의 풀세트 홈 손흥민 이강인 황인범,36900
216,2223 토트넘 축구복 유니폼 유소년 보호대 양말 상하의 저지 세트 아동 키즈 케인 손흥민,32000
217,카타르  유니폼 대한민국 국가대표 붉은악마 유니폼 손흥민 상하세트 7호 반팔티+반바지 파,34600
218,프리미어리그 EPL 손흥민 토트넘핫스퍼 국대주장 케있손왕 챔스진출 학생 교실 반대항전 축구 유니폼,64700
219,손흥민 토트넘 호환 유니폼 키즈 유소년 성인 (상의+하의+양말),29500
220,"22,23시즌 토트넘축구팀 홈 유니폼 / 축구양말 7호 손흥민 선수 10호 축구유니폼/",44300
221,토트넘 유니폼 홈 저지 2021/22 2023/24 손흥민 케인 성인 여성 남성 어린이,34700
222,2324 맨시티 파리생제르망 토트넘 상하세트 레플레카유니폼 메시 음바페 손흥민 유니폼제작,38020
223,2324 토트넘 축구복 유니폼 유소년 보호대 양말 세트 챔피언스리그 손흥민 케인,34000
224,2223 시즌 토트넘 유니폼 축구 FC 원정 축구복 반팬츠 7번 손흥민 10번 케인,50100
225,토트넘 축구 츄리닝 윈터 스포츠웨어 손흥민 케인 알리 윙크스 시소코 유니폼 상하셋,62300
226,23-24 손흥민유니폼키즈 신제품 토트넘 축구유니폼,38020
227,22-23시즌 FC 토트넘 홋스퍼 원정 유니폼 7번 손흥민/10번 케인+양말/아동 +무릎 보호대,13800
228,22/23 토트넘유니폼 손흥민 케인유니폼 상하의세트(Set) 축구복,85300
229,20/21 토트넘 유니폼 손흥민 케인 반소매 축구복 상하의세트(Set),96700
230,손흥민 토트넘 호환 유니폼 키즈 유소년 성인 (상의+하의+양말),29500
231,23-24 토트넘 홈그라운드 축구 유니폼 상하 4종세트 저지 손흥민 케인 프리미어리그,23000
232,22/23 토트넘 써드 어웨이 축구유니폼 상하4종세트 손흥민 케인 프리미어리그,23000
233,22/23 토트넘 어웨이 축구유니폼 상하4종세트 손흥민 케인 프리미어리그,23000
234,22-23 토트넘 홈그라운드 축구 유니폼 상하 4종세트 저지 손흥민 케인 프리미어리그,23000
235,2324 토트넘 홈 팬버전 어쎈틱 축구 반팔 손흥민 유니폼 세트,50900
236,22-23시즌 토트넘 홋스퍼 팬 원정 유니폼 7번 손흥민/10번 케인/축구복+양말/아동/성인,19300
237,토트넘 트레이닝복 세트 반팔 풋살 손흥민 축구교실 유니폼 상의,49250
238,22/23 카타르월드컵 한국유니폼 손흥민유니폼 어린이 주니어 훈련복RWTYI7853-199_G,29900
239,토트넘 풋살 손흥민 축구교실 아동용 트레이닝복 세트 긴팔 어린이 초등학생 주니어 유니폼,55490
240,토트넘 트레이닝복 세트 긴팔 반팔 풋살 손흥민 축구교실 유니폼,41120
241,나이키 토트넘유니폼 손흥민유니폼 23-24 홈 반팔 No 번호 7,222100
242,나이키 토트넘유니폼 손흥민유니폼 23-24 홈 반팔 No 번호 7,222100
243,나이키 토트넘유니폼 손흥민유니폼 23-24 홈 반팔 No 번호 7,222100
244,축구유니폼사이트 가족티 경기복 카페유니폼 손흥민,33600
245,대한민국 손흥민 국대 홈 축구 아동 주니어 키즈 카타르월드컵 유니폼,33460
246,22/23 토트넘 유니폼 손흥민 케인 축구복 상하의 프리미어리그,94100
247,"22,23시즌 FC 토트넘 홋스퍼 원정 유니폼 7번 손흥민/10번 케인+양말/",43000
248,축구 유니폼 세트 마요르카 홈 및 어웨이 이강인 손흥민,33000
249,22-23 토트넘 프리미어리그 유니폼 핫스퍼 손흥민 쏘니 케인 트레이닝복,29000
250,22-23시즌 토트넘 손흥민 유니폼 유소년 축구유니폼 케인 성인용,19400
251,손흥민 유니폼 토트넘 유니폼 시즌 HOME 축구 컵,48300
252,카타르 월드컵 유니폼 대한민국 국가대표 붉은악마 손흥민 반팔티+반바지 세트 성인/아동 응원복,22400
253,21/22시즌 토트넘 홋스퍼 원정 유니폼 7번 손흥민/10번 할리케인/축구복/양말무료배송/어린이용,42600
254,"카타르 월드컵 한국 대표팀 유니폼 붉은악마 손흥민 응원 복/반티 상의/A,B",43800
255,"카타르 월드컵 한국 대표팀 유니폼 붉은악마 손흥민 7호/반티 상의/C,D",47900
256,핫스퍼 리그 케인 트레이닝복 유니폼 바람막이 어웨이 손흥민 프리미어 맨체스,71000
257,22-23 토트넘 프리미어리그  손흥민 레플리카 케인,28000
258,2223시즌 토트넘축구팀 홈 유니폼 / 축구양말 7호 손흥민 선수 10호 축구유니폼/,44300
259,2223시즌 FC 토트넘 홋스퍼 원정 유니폼 7번 손흥민/10번 케인+양말/,43000
260,23-24 토트넘 저지 축구 유니폼 티셔츠 손흥민 7번,33890
261,카타르 유니폼 대한민국 국가대표 붉은악마 손흥민 상하세트(Set) 7호 반소매티+반팬츠,72600
262,축구장갑 골키퍼장갑 풋살 손흥민 요리스 러닝 조현우 데헤아 테어슈테겐 골키퍼 미끄럼방지 라텍스장갑,35900
263,토트넘 홋스퍼 2023-24 홈 유니폼 손흥민 케인 어센틱 Elite Tottenham Hotspur 정품,286800
264,손흥민 토트넘 축구복 유니폼 10번 케인 7번,36910
265,23-23 토트넘 손흥민유니폼 맨체스터시티 챈피언스리그 파리생제르망 브라질 유니폼모음,21500
266,축구선수 유니폼 연대기 아크릴 액자 6종 메시 그릴리쉬 손흥민 음바페 호날두 네이마르,16400
267,토트넘 유니폼 손흥민 축구 7번 반티  성인 22-23 마킹 홈 어웨이 고객 지정번호,41400
268,토트넘 유니폼 손흥민 축구 7번 반티 키즈 성인 22-23 마킹 홈 어웨이 고객 지정번호,41400
269,23-24 토트넘 유니폼 손흥민 축구 유니폼 저지 반티 축구복 세트,47300
270,22-23시즌 토트넘축구팀 홈 유니폼 / 축구양말 7호 손흥민 10호 케인 11호 조소현 축구유니폼/성인,20800
271,22-23시즌 FC 토트넘 홋스퍼 원정 유니폼 7번 손흥민/10번 케인+양말/아동,20100
272,카타르 월드컵 한국 대표팀 유니폼 붉은악마 유니폼 손흥민 7호/반티 상의/C-D,23200
273,카타르 월드컵 한국 대표팀 유니폼 붉은악마 유니폼 손흥민 응원 복/반티 상의/A-B,20500
274,22-23시즌 토트넘 홋스퍼 원정 축구 유니폼 7번 손흥민 선수/10번 케인 선수/양말,20300
275,23-24 시즌 토트넘축구팀 홈 유니폼 축구복/축구양말 7호 손흥민 10호 케인 축구유니폼/성인 신상,23800
276,22-23시즌 토트넘축구팀 홈 유니폼 / 축구양말 7호 손흥민 10호 케인 11호 조소현 축구유니폼/ 아동,19300
277,22-23시즌 토트넘 홋스퍼 축구복 세트 7 손흥민 케인 상하의세트 유니폼,36000
278,토트넘 홋스퍼 FC 손흥민 SON 7 해리케인 KANE 10 폴리트레이닝 유니폼 티셔츠,57000
279,23-24 토트넘유니폼 양말 보호대 풀세트 손흥민 케인 축구복,29300
280,성인 끈없는 축구화 경량 풋살화 손흥민 음바페 인조,46900
281,황금 풋살화 끈없는 남성 손흥민 호날두 축구화 실내,72110
282,손흥민 음바페 끈없는 축구화 인조잔디 풋살화 경량,43070
283,끈없는 손흥민 네이마르 주니어 축구화 풋살화 경량,48480
284,22-23시즌 FC 토트넘 홋스퍼 원정 유니폼 7번 손흥민/10번 케인+양말/ Mochae,17800
285,손흥민 싸인 대한민국 국가대표 국대 셔츠 2022 월드컵 유니폼 액자 기념품,1729000
286,손흥민 싸인 토트넘 셔츠 유니폼 액자 기념품 22 23,1590000
287,손흥민 싸인 토트넘 셔츠 유니폼 액자 기념품 22 23 시즌,1690000
288,손흥민 토트넘 유니폼 싸인 셔츠 액자 기념품 22 23 시즌,1729000
289,프리미어리그 토트넘 홈 어웨이 성인 손흥민 스포츠 축구복 팀유니폼 슈트,33600
290,손흥민유니폼 양말 축구유니폼 토트넘유니폼,37600
291,Generic 젠장 손흥민 토트넘 축구 티셔츠,81300
292,카타르  유니폼 대한민국 국가대표 붉은악마 유니폼 손흥민 상하세트 7호 반팔티+반바지 파,34700
293,22-23시즌 FC 토트넘 홋스퍼 유니폼 7번 손흥민/10번 케인+양말/ 파노티,18300
294,22-23 긴팔 국대 홈 카타르월드컵 유니폼 단체복 손흥민 스포츠 의류,31900
295,22 국대 어웨이 카타르월드컵 축구 유니폼 손흥민 김민재 스포츠 단체복,29000
296,22-24 한국 국가대표 홈 유니폼 단체복 손흥민 반티 축구 스포츠 의류,22900
297,20-22 월드컵 한국 국대 홈 유니폼 손흥민 축구 단체복 스타일,32200
298,손흥민 유니폼 키즈 어린이 아동 토트넘 축구복 축구,57100
299,손흥민 유니폼 키즈 어린이 아동 토트넘 케인 맨체스터 시티 세트,60100
300,손흥민 유니폼 키즈 어린이 아동 토트넘 케인 맨체스터 시티 세트,60100
301,손흥민 유니폼 키즈 어린이 아동 토트넘 케인 맨체스터 시티 세트,60100
302,손흥민 유니폼 키즈 어린이 아동 토트넘 케인 맨체스터 시티 세트,60100
303,손흥민 유니폼 키즈 어린이 아동 토트넘 케인 맨체스터 시티 세트,57100
304,손흥민 유니폼 키즈 어린이 아동 토트넘 케인 맨체스터 시티 세트,62400
305,카타르 월드컵 유니폼 대한민국 국가대표 붉은악마 손흥민 상하세트(Set) 어린이 7호 반소매티+반팬츠,53000
306,카타르 월드컵 유니폼 대한민국 국가대표 붉은악마 손흥민 상하세트(Set) 어린이 응원복 반소매티+반팬츠,48800
307,22-23시즌 토트넘축구팀 홈 유니폼 / 축구양말 7호 손흥민 선수 10호 케인 선수 축구유니폼/  파노티,19700
308,2223 토트넘 홈 7번 손흥민 10번 케인 9 리처드슨 17번 로메로 축구복 유니폼 파노티,19200
309,22-23시즌 토트넘축구팀 홈 유니폼 / 축구양말 7호 손흥민 선수 10호 선수 축구유니폼/  파노티,18300
310,22-23시즌 토트넘축구팀 홈 유니폼 / 축구양말 7호 손흥민 선수 10호 선수 축구유니폼/  파노티,20900
311,22-23 토트넘유니폼 양말 보호대 풀세트 손흥민 케인 축구복,27600
312,토트넘 손흥민 축구유니폼 헬스운동복 트레이닝복 상하의세트 하프집업,50300
313,22-24년  대한민국 손흥민 국대 국가대표 축구 유니폼 저지 긴팔 롱 축구복 운동복 반티,58500
314,"22,23 대한민국 유니폼 축구 트레이닝 긴소매 외투+팬츠 세트(Set) 손흥민",94100
315,"22,23 대한민국 유니폼 축구 트레이닝 긴소매 세트(Set) 손흥민",85900
316,"22,23 대한민국 유니폼 축구 트레이닝 반소매 세트(Set) 손흥민",73600
317,대한민국 유니폼 축구 트레이닝 반소매 세트(Set) 손흥민,66300
318,대한민국 유니폼 축구 트레이닝 긴소매 세트(Set) 손흥민,86100
319,카타르 월드컵 유니폼 대한민국 국가대표 붉은악마 손흥민 상하세트(Set) 응원복 반소매티+반팬츠,53400
320,카타르 월드컵 유니폼 대한민국 국가대표 붉은악마 손흥민 상하세트(Set) 7호 반소매티+반팬츠,60900
321,"22,23시즌 토트넘축구팀 홈 유니폼 / 축구양말 무료배송 7호 손흥민 선수 10호 케인 축구유니폼/성인",50700
322,유니폼 트레이닝복 축구 2022 밀란 손흥민 반팔,42920
323,유니폼 레플리카 트레이닝복 축구레플리카사이트 2022 밀란 손흥민 반팔,42920
324,유니폼 트레이닝복 축구복 레트로 레알마드리드 아동 손흥민 아스널,56610
325,유니폼 트레이닝복 축구복 레트로 레알마드리드 아동 손흥민 아스널,56610
326,토트넘 23-24 손흥민 유니폼 축구유니폼 성인 아동 축구복 저지 홈 상하의 세트 양말 사은품,23000
327,코트 재킷 운동복 훈련복 긴 소매 손흥민 축구유니폼 인쇄 번호 4980342209,55000
328,시즌 토트넘 축구팀 홈 유니폼 7호 손흥민선수 10호 케인선수 축구유니폼 성인 아동,24400
329,손흥민유니폼 토트넘 홈 축구복 마킹 어웨이  저지 국대 국가대표,40700
330,2022 한국 유니폼 축구 대한민국 손흥민,66600
331,토트넘 유니폼 손흥민 케인 축구복 세트 트레이닝복,33630
332,축구복 남성 여성 7번 손흥민 경기 팀백팩,43700
333,대한민국 축구유니폼 2022카타르 월드컵 손흥민 황희찬 이강인 상하의세트 주니어 아동 유소년 키즈,31900
334,손흥민유니폼 2223 시즌 덥다 가시 운동복 축구복 남성 여성 4997954467,39300
335,손흥민유니폼 2223 시즌 덥다 가시 운동복 축구복 남성 여성 4997954467,39300
336,손흥민유니폼 2223 시즌 덥다 가시 운동복 축구복 남성 여성 4997954467,36600
337,손흥민유니폼 2223 시즌 덥다 가시 운동복 축구복 남성 여성 4997954467,36600
338,손흥민유니폼 2223 시즌 덥다 가시 운동복 축구복 남성 여성 4997954467,31300
339,프리미어리그 져지 유니폼 액자 프레임 손흥민 골든슈 기념 사인사진벽 원목 축구팬 선물 홈걸이벽,30420
340,1/6 2022 카타르 월드컵 국대 SON 소닉 손흥민 피규어 유니폼 경기복,49500
341,19-20 SON 토트넘 EPL 축구유니폼 쥬니어 저지 상하 손흥민 케인 PL 유럽축구 프리미어리그,29000
342,20-21 토트넘 반집업 손흥민 저지 트레이닝 유니폼 바람막이,71000
343,22/23시즌 토트넘 유니폼 손흥민 유니폼 세트 케인 홈 어웨이,40000
344,22-23시즌 토트넘 원정 손흥민 축구유니폼 상하의세트 아동 유소년 성인유니폼 키즈,31900
345,22-23시즌 토트넘 원정 유니폼 손흥민 축구유니폼 상하의세트 아동유니폼 유소년 성인유니폼 키즈,29900
346,토트넘 손흥민 축구유니폼 헬스운동복 트레이닝복 상하의세트 하프집업,49800
347,토트넘 손흥민 축구유니폼 헬스운동복 트레이닝복 상하의세트 하프집업,49800
348,22/23 토트넘 유니폼 손흥민,143900
349,22-23시즌 토트넘 손흥민유니폼 케인 아동용 성인용 유소년 축구유니폼 키즈,29900
350,22-23시즌 토트넘 손흥민유니폼 케인 아동용 성인용 유소년 축구유니폼 키즈,29900
351,토트넘 손흥민 기모 후드티 겨울 모자티 티셔츠 유니폼 굿즈 축구티셔츠 6가지색상,44000
352,손흥민 티셔츠 굿즈 유니폼 토트넘 여름 반팔 티,36350
353,손흥민 티셔츠 유니폼 굿즈 토트넘 반팔 여름면티,36350
354,토트넘 손흥민 케인 알리 티셔츠 반팔티 굿즈 유니폼,34400
355,손흥민 토트넘 반팔 라운드 티셔츠 굿즈 유니폼 축덕,32220
356,손흥민 포토 반팔 티셔츠 면 티 굿즈 축구복 토트넘,32220
357,토트넘 손흥민 후드티 모자티 티셔츠 유니폼 굿즈 축구티셔츠 6가지색상,44000
358,토트넘 손흥민 유니폼 티셔츠 축구 저지 굿즈 성인 아동 축구복 프리미어리그 22/23시즌,31500
359,축구유니폼 대한민국 축구국가대표유니폼 손흥민 뜨거운 판매 2 In 1 야외 스포츠 어린이 축구 목표 소년,67000
360,"축구유니폼 대한민국 축구국가대표유니폼 손흥민 2In 1 야외 스포츠 어린이 축구 목표, 소년 장난감, 미니",42600
361,토트넘 핫스퍼 손흥민 쏘니 손케 듀오 케인 son 7번 축구 경기 유니폼 21 22 시즌,33130
362,토트넘 핫스퍼 손흥민 쏘니 손케 듀오 케인 son 7번 축구 경기 유니폼 21 22 시즌,33130
363,22-23 토트넘 저지 상의 축구유니폼 손흥민 케인 상의 아동 성인 프리미어리그 PL,24000
364,2022 카타르월드컵 한국 홈 어웨이 트레이닝복 팬버전 손흥민 유니폼 저지 유니폼,52700
365,아스날 에미레이츠 져지 어린이단체 대한민국 손흥민유니폼 유니폼 나이키 한국 챔피언스리그 홈 마킹 레플,40940
366,아스날 에미레이츠 져지 22-23 토트넘 어린이(8-14세) 나이키 반대항전 2223 손흥민 22 손흥민유니폼 마킹,47690
367,축구 유니폼 카타르 축구복 손흥민유니폼 토트넘핫스퍼 어웨이 한국유니폼 한국 2022 국대 대한민국,35430
368,축구 유니폼 카타르 손흥민유니폼 2223 쥬니어 나이키 원정 21 20 마킹,39420
369,축구 유니폼 카타르 토트넘유니폼 티셔츠 손흥민유니폼 22 월드컵 한국 축구국대유니폼 프리미어리그,38470
370,축구 유니폼 카타르 버젼 22 김민재 홈 손흥민 국대 축구바지 한국,36480
371,축구 유니폼 카타르 손흥민 패치 나이키 토트넘 202021 써드 국대 세트 국가대표,34770
372,토트넘 SON 소닉 어웨이 손흥민 1/6 축구 유니폼 세트 피규어 의상 루즈,49800
373,토트넘 SON 소닉 손흥민 1/6 긴팔 화이트 홈 피규어 유니폼 의상세트,49800
374,토트텀 유니폼 홈 1/6 손흥민 반팔 화이트 축구의상,49800
375,토트텀 홈메이드 22 시즌 SON 손흥민 1/6 반팔 유니폼 피규어 의상,49800
376,22-23 토트넘 저지 상의 축구유니폼 손흥민 케인 상의 아동 성인 프리미어리그 PL,32000
377,22-23 토트넘 저지 축구유니폼 손흥민 케인 상하셋트 프리미어리그 PL,31500
378,22-23 토트넘 저지 어웨이 축구유니폼 손흥민 케인 상하셋트 프리미어리그 PL,31500
379,22-23 토트넘 저지 상의 축구유니폼 손흥민 케인 상의 아동 성인 프리미어리그 PL,26800
380,22-23 토트넘 저지 어웨이 축구유니폼 손흥민 케인 상하셋트 프리미어리그 PL,29800
381,22-23 선수버전 토트넘 저지 축구유니폼 손흥민 케인 상의 프리미어리그 PL,32000
382,손흥민유니폼 2022 팀 운동복 훈련복 겨루다 앞 스트레칭 7번 총명함 축구복 등장함,22500
383,대한민국 손흥민 국대 홈 축구 아동 주니어 키즈 카타르월드컵 유니폼,35710
384,TANC탕크 SE034 2022 카타르 월드컵 대한민국 유니폼 축구 국가대표 축구복 동호회 단체복 손흥민  해외직,28300
385,손흥민마스크 축구 안면보호 월드컵 응원 가면 얼굴보호 마스크,15500
386,손흥민마스크 축구 월드컵 가면 얼굴보호 안면 마스크,15500
387,스포츠 레저 토트넘유니폼 팬들의 의상을 입었다 운동 축구 손흥민 4724092482,34700
388,손흥민유니폼 2021 덥다 C홈그라운드 운동복 7번 총명함 10 346038964,37800
389,토트넘핫스퍼 축구 유니폼 트레이닝 티셔츠 손흥민 헤리케인,90400
390,2022 카타르 월드컵 대한민국 유니폼 축구 국가대표 축구복 동호회 단체복 손흥민,19500
391,축구 클럽 프리미어리그 스카프 팬 응원 머플러 벨벳 맨시티 토트넘 손흥민 아스날 도르트문트 목도리,20000
392,축구훈련 운동복 긴소매코트 재킷 손흥민 반팔 축구유니폼 인쇄 번호 4980342209,59100
393,토트넘 손흥민 원정 EPL 축구복 축구단체복 홈 블랙 써드 득점왕 중학생 22-23 토트넘유니폼,43500
394,20-21 토트넘 저지 손흥민 케인 베일 축구유니폼 상하 프리미어리그 PL 유럽축구,26000
395,손흥민 소속팀 토트넘 축구 상하의 세트 트레이닝복,49600
396,유니폼액자 축구 농구 야구 프레임 대형 손흥민 벽걸이 저지 nba,34900
397,유니폼액자 축구 농구 야구 프레임 대형 손흥민 벽걸이 저지 nba,34900
398,아스날 에미레이츠 져지 저지 어웨이 마킹 축구단체복 토트넘 손흥민 주니어 국가대표 홈 손흥민유니폼,75900
399,아스날 에미레이츠 져지 22-23 토트넘 어린이(8-14세) 나이키 반대항전 2223 손흥민 22 손흥민유니폼 마킹,53200
400,아스날 에미레이츠 져지 어린이단체 대한민국 손흥민유니폼 유니폼 나이키 한국 챔피언스리그 홈 마킹 레플,45700
401,축구 유니폼 카타르 손흥민 패치 나이키 토트넘 202021 써드 국대 세트 국가대표,38700
402,축구 유니폼 카타르 나이키 키즈 2223 국가대표 손흥민 어웨이 축구국대유니폼 풋살 케인 교실,43500
403,축구 유니폼 카타르 손흥민 토트넘 국대 해리케인 국가대표 어웨이 케있손왕 홈,38500
404,축구 유니폼 카타르 토트넘유니폼 티셔츠 손흥민유니폼 22 월드컵 한국 축구국대유니폼 프리미어리그,42800
405,축구 유니폼 카타르 22-24 토트넘유니폼 토트넘 상하 어웨이 케인 국가대표 손흥민 손흥민유니폼,35000
406,축구 유니폼 카타르 축구복 손흥민유니폼 토트넘핫스퍼 어웨이 한국유니폼 한국 2022 국대 대한민국,39500
407,축구 유니폼 카타르 버젼 22 김민재 홈 손흥민 국대 축구바지 한국,40700
408,축구 유니폼 카타르 22-24 아동 손흥민유니폼 손흥민 축구국대유니폼 축구대표팀유니폼 상하 중학생 주니어,47900
409,축구 유니폼 카타르 국대 키즈 마킹 토트넘 손흥민 한국유니폼 한국 축구복,42800
410,축구 유니폼 카타르 토트넘 21-22 케인 블랙 교실 EPL 마킹 손흥민유니폼 손흥민 어웨이,39400
411,축구 유니폼 카타르 손흥민유니폼 2223 쥬니어 나이키 원정 21 20 마킹,44000
412,축구 유니폼 카타르 홈 손흥민 토트넘 국가대표 한국 축구복 202021 케인 반대항전,54900
413,축구 유니폼 카타르 홈 저지 나이키 국대 손흥민 손흥민유니폼 대한민국 국대주장 토트넘유니폼,47900
414,2223 토트넘 긴팔 저지  홈 축구 풋살 맞춤 제작 손흥민 상의 유니폼,54500
415,22년 카타르 월드컵 한국 축구 신형 유니폼 손흥민 김민재 마킹가능,40900
416,토트넘 훗스퍼 손흥민 축구 티셔츠,42700
417,21-22 토트넘 손흥민 상하유니폼 바람막이 트레이닝복 재킷 프리미어리그 클럽,65000
418,황금 풋살화 끈없는 남성 손흥민 호날두 축구화 실내,65560
419,토트넘 트레이닝복 손흥민 유니폼 축구트레이닝복 긴팔 긴바지 21-22,43800
420,끈없는 손흥민 네이마르 주니어 축구화 풋살화 경량,44080
421,성인 끈없는 축구화 경량 풋살화 손흥민 음바페 인조,42640
422,한국 대한민국 축가 국가대표팀 손흥민 유니폼 응원복 남성 여성 레드데빌 월드컵 원정 홈 팀복,19200
423,한국 대한민국 레드데빌 축가 국가대표팀 유니폼 월드컵 손흥민 응원복 원정 홈 팀복,22400
424,21-22시즌 한국 대한민국 축가 국가대표팀 트레이닝복 유니폼 레드데빌 월드컵 손흥민 응원복 원정 홈 팀복,22900
425,X STUDIO 토트넘 유니폼 소닉 SON 손흥민 1/6 피규어 유니폼 루즈,92000
426,2223 토트넘 저지 축구유니폼 선수버전 손흥민유니폼 챔피언스 리그 프리미어,90300
427,22-23 토트넘 유니폼 홈 챔피언스리그 반팔 선수버전 SON 손흥민유니폼 케인,76400
428,20-21 토트넘 손흥민 축구 유니폼 저지 전사 운동 유니폼 토트넘반티 축구복세트,45800
429,2223 2122 토트넘 손흥민 축구 유니폼 저지 전사 운동 유니폼 토트넘반티 축구복세트,45800
430,유니폼 풋살 손흥민 토트넘유니폼 상하세트 홈 축구 어웨이 티셔츠 케인 플레이어,88500
431,토트넘유니폼 상하세트 홈 티셔츠 써드 홋스퍼 어웨이 손흥민 케인,83500
432,홈 세트 어웨이 축구 풋살 유니폼 손흥민 써드 토트넘유니폼 홋스퍼,75000
433,유니폼 티셔츠 토트넘 손흥민 어웨이 세트 홈 케인 축구 토트넘유니폼,250500
434,토트넘 유니폼 상하세트 토트넘유니폼 손흥민 케인 플레이어 풋살 홈 티셔츠,291000
435,홈 토트넘유니폼 세트 써드 어웨이 손흥민 축구 케인 티셔츠,408500
436,어웨이 축구 손흥민 유니폼 토트넘유니폼 티셔츠 케인 풋살 플레이어 홈,331500
437,손흥민 홈 풋살 써드 토트넘 유니폼 케인 축구 플레이어 토트넘유니폼,331500
438,세트 손흥민 유니폼 토트넘 케인 홈 토트넘유니폼 어웨이 상하세트,327000
439,풋살 어웨이 손흥민 유니폼 토트넘 플레이어 홈 상하세트 써드 케인,327000
440,손흥민 홈 상하세트 토트넘 유니폼 플레이어 어웨이 토트넘유니폼 축구 케인,339500
441,세트 축구 토트넘 홈 케인 유니폼 손흥민 어웨이 플레이어 토트넘유니폼,331500
442,토트넘유니폼 풋살 손흥민 상하세트 축구 티셔츠 홈 써드 케인,315500
443,유니폼 어웨이 토트넘유니폼 홈 케인 손흥민 상하세트 풋살 축구,197500
444,유니폼 세트 축구 손흥민 토트넘 케인 홋스퍼 상하세트 어웨이 풋살,384000
445,축구 유니폼 써드 토트넘 토트넘유니폼 케인 손흥민 풋살 어웨이,100500
446,홈 세트 토트넘 손흥민 풋살 유니폼 상하세트 티셔츠 써드 축구 토트넘유니폼,323500
447,유니폼 토트넘유니폼 손흥민 어웨이 풋살 홈 케인 세트 플레이어 상하세트,501000
448,손흥민 케인 홈 토트넘 홋스퍼 유니폼 축구 어웨이 세트,266000
449,플레이어 홈 풋살 토트넘 손흥민 유니폼 세트 홋스퍼 케인,150500
450,토트넘 써드 축구 홈 손흥민 유니폼 티셔츠 세트 홋스퍼 풋살,112500
451,풋살 손흥민 플레이어 토트넘 케인 홋스퍼 유니폼 어웨이 토트넘유니폼 홈,303500
452,유니폼 토트넘 세트 케인 홈 손흥민 풋살 플레이어 어웨이 축구 토트넘유니폼,144500
453,토트넘 유니폼 손흥민 티셔츠 풋살 홈 케인 홋스퍼 축구 어웨이 플레이어,164500
454,손흥민 풋살 써드 케인 홈 플레이어 세트 유니폼,96500
455,풋살 토트넘 손흥민 케인 써드 유니폼 홈 토트넘유니폼 축구,250500
456,어웨이 유니폼 손흥민 홈 케인 축구 토트넘 나이키 세트 풋살 홋스퍼,421000
457,유니폼 손흥민 케인 상하세트 어웨이 써드 토트넘 풋살,436500
458,여성 유니폼 손흥민 홈 홋스퍼 써드 어웨이 토트넘 풋살 세트 토트넘유니폼,129000
459,홈 티셔츠 유니폼 풋살 손흥민 토트넘 나이키 세트 축구 써드,331500
460,2223 시즌 토트넘 핫스퍼 홈 원정 써드 EPL 챔스 마킹 손흥민 커스텀제작 유니폼,51500
461,토트넘 3RD 나이키 유니폼 22-23 손흥민 선수,179000
462,토트넘 원정 AWAY 나이키 유니폼 22-23  손흥민,179000
463,SON 축구선수 토트넘 손흥민 22-23 시즌 피규어 홈 어웨이 유니폼 1:6,69800
464,토트넘 핫스퍼 손흥민 쏘니 손케 듀오 케인 son 7번 축구 경기 유니폼 21 22 시즌,33620
465,토트넘 핫스퍼 손흥민 쏘니 손케 듀오 케인 son 7번 축구 경기 유니폼 21 22 시즌,33620
466,Allstarsignings 토트넘 손흥민 유니폼 사인 액자,1244030
467,2223 토트넘 핫스퍼 7번 손흥민 자체제작 축구 홈 유니폼 epl마킹,47800
468,프리미어리그 EPL 손흥민 토트넘핫스퍼 22 23 국대주장 케있손왕 챔스진출 학생 교실 반대항전 축구 유니폼,28000
469,22/23 시즌 손흥민 해리케인 토트넘 저지 뉴 홈 반팔 축구 유니폼 커스텀,53500
470,22-23시즌 상하의 세트 토트넘 케인 손흥민 팀 축구 유니폼 + 양말,15600
471,Tottenham 토트넘 홋스퍼 나이키 어웨이 셔츠 2022/23 손흥민 7 프린트,228500
472,Tottenham 토트넘 홋스퍼 나이키 홈 셔츠 2022/23 손흥민 7 프린트,228500
473,토트넘 핫스퍼 남자 트레이닝 티셔츠 손흥민 네이비,118180
474,[아디다스] 손흥민반팔티 M SON G T-HA0903 반팔셔츠,26900
475,토트넘 손흥민 3색 맨투맨 기모 축구 긴팔 맨티 겨울 축구옷 핫스퍼 유니폼,28800
476,2021 토트넘 손흥민 축구유니폼 트레이닝 춘추복 상하 EPL 프리미어리그 저지,38000
477,20-21 토트넘 손흥민 축구유니폼 유럽축구 파카 후드 잠바 유럽클럽 UEFA,54000
478,유니폼 액자 축구 저지 표구 벽걸이 농구 NBA 액자걸이 FIFA 손흥민 LA레이커스,53900
479,23 24 맨체스터 시티 토트넘 축구 유니폼 옷 축구복 손흥민 홀란 상의 티셔츠 하의 세트,24900
480,챔피언스리그 해외축구 캔버스 벽 메시유니폼 축구바람막이 손흥민유니폼 축구유니폼 무소음 소품 디자인,22520
481,챔피언스리그 캔버스 해외축구 벽시계 소품 선물 손흥민유니폼 맨시티유니폼 집들이 바람막이,23840
482,해외축구 챔피언스리그 캔버스 벽시계 손흥민유니폼 벽시계 메시유니폼 디자인 선물 집들이 소품 무소음,21100
483,23-24 시즌 토트넘 핫스퍼 유니폼 손흥민 케인 호이비에르 마킹 단체주문,48500
484,토트넘 핫스퍼 23-24 홈 유니폼 손흥민 마킹 해리케인,53500
485,챔피언스리그 해외축구 캔버스 벽시계 축구바람막이 축구유니폼 손흥민유니폼,18500
486,축구 유니폼 홀란드 메시 손흥민 져지 어웨이 국가대표 반팔 바이에른 축구복,24700
487,축구 유니폼 홀란드 메시 손흥민 바르셀로나 이강인 져지 반팔 어웨이,22300
488,축구 유니폼 홀란드 메시 손흥민 레트로 뮌헨 져지 바르셀로나 토트넘 마드리드,25000
489,축구 유니폼 홀란드 메시 손흥민 바이에른 져지 국가대표 뮌헨 레트로 마드리드,30900
490,축구 유니폼 홀란드 메시 손흥민 어웨이 복 마드리드 뮌헨 레트로,23800
491,토트넘손흥민유니폼 성인 키즈 초등학생 축구유니폼 케인,51100
492,22-23 손흥민 토트넘 유니폼 성인 어린이 축구 유니폼,33000
493,20 22 한국 국가대표팀 축구복 월드컵 유니폼 손흥민 축구복 붉은악마 7번 반티 상의,41900
494,2223 시즌 토트넘 유니폼 축구 FC 원정 축구복 반바지 7번 손흥민 10번 케인,20800
495,대한민국 축구유니폼 한국 국가대표 축구 트레이닝복 세트 손흥민 한국 호랑이 태극마크 반팔티,31000
496,2324 토트넘 손흥민 축구 유니폼 신가드 스타킹 옷 져지 유소년 축구복,23200
497,손흥민유니폼 맨유 토트넘 맨시티 축구 22-23 성인 레알마드리드 레플 아동,25800
498,손흥민유니폼 맨유 토트넘 맨시티 축구 22-23 성인 레알마드리드 레플,25800
499,손흥민유니폼 토트넘 맨시티 축구유니폼세트 양말증정 22-23 레플 12종 아동용,27000
500,토트넘 반티 체육대회 손흥민 반티 단체복 유니폼  케인,32900
